sam	065-5445685
sam	065-5445685
sam	065-5445685
sam	065-5445685
sam	065-5445685
sam	065-5445685
sam	065-5445685
sam	065-5445685
sam	065-5445685
sam	065-5445685
sam	065-5445685
sam	065-5445685
sam	065-5445685
sam	065-5445685
sam	065-5445685
sam	065-5445685
sam	065-5445685
sam	065-5445685
sam	065-5445685
sam	065-5445685
sam	065-5445685
sam	065-5445685
sam	065-5445685
sam	065-5445685
sam	065-5445685
sam	065-5445685
sam	065-5445685
sam	065-5445685
sam	065-5445685
sam	065-5445685
sam	065-5445685
sam	065-5445685
sam	065-5445685
sam	065-5445685
sam	065-5445685
sam	065-5445685
sam	065-5445685
sam	065-5445685
sam	065-5445685
sam	065-5445685
sam	065-5445685
sam	065-5445685
sam	065-5445685
sam	065-5445685
sam	065-5445685
sam	065-5445685
sam	065-5445685
sam	065-5445685
sam	065-5445685
sam	065-5445685
sam	065-5445685
